,City,Latitude,Longitude,Max Temp,Humidity,Cloudiness,Wind Speed
0,Ushuaia,-54.8,-68.3,57.2,41,75,9.24
1,Puro,12.4841,123.3827,78.82,82,57,12.62
2,Mar del Plata,-38.0023,-57.5575,66.4,93,90,20.8
3,Antakya,36.2066,36.1572,57.2,50,75,8.05
4,São Gabriel da Cachoeira,-0.1303,-67.0892,80.6,83,40,3.36
5,Butaritari,3.0707,172.7902,81.03,75,31,21.54
6,Rocha,-34.4833,-54.3333,80.78,66,50,12.19
7,Carnarvon,-24.8667,113.6333,80.6,61,25,10.29
8,Vardø,70.3705,31.1107,26.6,86,40,31.09
9,Hithadhoo,-0.6,73.0833,82.94,79,75,15.03
10,Busselton,-33.65,115.3333,63.84,63,30,5.99
11,Hobart,-42.8794,147.3294,58.64,82,90,6.93
12,Les Cayes,18.2,-73.75,79.92,58,0,1.72
13,Cherskiy,68.75,161.3,-22.88,86,100,9.48
14,Touros,-5.1989,-35.4608,87.8,55,40,16.11
15,Qaanaaq,77.484,-69.3632,1.94,78,100,8.57
16,Arraial do Cabo,-22.9661,-42.0278,86.76,62,40,8.05
17,Quang Ngai,15.1167,108.8,71.37,91,98,6.08
18,Pevek,69.7008,170.3133,-15.65,89,100,11.16
19,Vaini,-21.2,-175.2,77.0,94,20,9.17
20,Cape Town,-33.9258,18.4232,72.32,60,20,25.28
21,Dikson,73.5069,80.5464,9.48,96,100,26.37
22,Kutum,14.2,24.6667,75.4,17,0,10.22
23,Saint George,37.1041,-113.5841,28.4,68,1,4.7
24,Simao,22.7886,100.9748,55.45,89,100,2.04
25,La Ronge,55.1001,-105.2842,12.2,92,100,4.7
26,Punta Arenas,-53.15,-70.9167,54.34,58,75,24.16
27,Ribeira Grande,38.5167,-28.7,60.8,82,75,34.45
28,Albany,42.6001,-73.9662,34.07,82,61,3.31
29,Rikitea,-23.1203,-134.9692,76.17,72,0,13.04
30,Saldanha,-33.0117,17.9442,75.2,53,0,21.92
31,Porto-Novo,6.4965,2.6036,87.8,74,20,13.87
32,Champerico,14.3,-91.9167,80.6,78,20,3.51
33,Bredasdorp,-34.5322,20.0403,73.4,56,81,12.75
34,Dakar,14.6937,-17.4441,80.6,57,0,13.87
35,Bluff,-46.6,168.3333,50.0,94,7,6.8
36,Saint-Joseph,-21.3667,55.6167,78.39,74,0,17.22
37,Hermanus,-34.4187,19.2345,72.0,64,82,4.45
38,Coxim,-18.5067,-54.76,94.1,40,84,8.79
39,Barrow,71.2906,-156.7887,-14.8,83,90,4.7
40,Lexington,37.9887,-84.4777,34.0,71,100,1.99
41,Kruisfontein,-34.0033,24.7314,73.0,78,97,5.99
42,Kavaratti,10.5669,72.642,82.45,76,99,10.0
43,Tomatlán,19.9333,-105.25,80.06,47,0,2.13
44,Nuevo Progreso,23.1667,-97.95,71.02,88,0,3.0
45,Mataura,-46.1927,168.8643,50.0,94,28,3.06
46,Hachinohe,40.5,141.5,21.2,79,75,6.93
47,Kavieng,-2.5744,150.7967,82.42,77,100,6.06
48,Ilulissat,69.2167,-51.1,12.2,56,75,11.41
49,Teguise,29.0605,-13.564,73.4,64,40,16.11
50,Castro,-24.7911,-50.0119,77.68,65,100,11.21
51,Cayenne,4.9333,-52.3333,80.6,88,75,5.82
52,Los Llanos de Aridane,28.6585,-17.9182,65.8,60,20,5.82
53,Algiers,36.7525,3.042,53.6,66,40,3.36
54,Oxelösund,58.6706,17.1015,32.0,97,75,10.29
55,Avarua,-21.2078,-159.775,78.8,83,36,18.34
56,Akranes,64.3218,-22.0749,33.8,75,40,3.36
57,Chui,-33.6971,-53.4616,77.61,72,41,14.18
58,Itarema,-2.9248,-39.9167,88.39,55,50,15.97
59,Port Alfred,-33.5906,26.891,75.99,83,44,1.01
60,Srednekolymsk,67.45,153.6833,-26.7,85,95,10.58
61,New Norfolk,-42.7826,147.0587,57.78,68,79,1.59
62,Belmonte,-15.8631,-38.8828,84.2,58,40,14.99
63,Atuona,-9.8,-139.0333,77.04,75,39,15.14
64,Chokurdakh,70.6333,147.9167,-15.88,89,100,11.5
65,Sept-Îles,50.2001,-66.3821,25.81,85,100,6.93
66,Hilo,19.7297,-155.09,66.29,82,1,4.7
67,Kingman,35.1894,-114.053,37.76,55,1,4.76
68,George Town,5.4112,100.3354,77.23,88,40,3.36
69,Harindānga,22.0383,88.3214,73.4,64,0,4.12
70,Saint Paul Harbor,57.79,-152.4072,37.4,93,90,19.46
71,Libreville,0.3925,9.4537,86.0,79,20,9.17
72,Arlit,18.7369,7.3853,93.33,10,0,7.38
73,Biu,10.6129,12.1946,92.37,11,0,11.48
74,Muros,42.7762,-9.0603,49.14,74,23,6.93
75,Puerto Carreño,6.189,-67.4859,87.33,51,83,11.3
76,Hong Kong,22.2855,114.1577,61.11,82,40,13.98
77,Soe,-9.8607,124.284,68.23,99,100,2.62
78,Tiksi,71.6872,128.8694,-22.67,85,100,13.13
79,Esso,55.9333,158.7,-2.49,83,0,3.58
80,Palatka,29.6486,-81.6376,61.34,60,0,8.01
81,Port Hardy,50.6996,-127.4199,42.39,86,90,24.16
82,Yellowknife,62.456,-114.3525,-18.94,68,75,13.87
83,Laguna,38.421,-121.4238,39.74,93,90,3.36
84,Luanda,-8.8368,13.2343,86.0,62,40,13.87
85,Nikolskoye,59.7035,30.7861,29.03,86,90,4.47
86,Hamilton,39.1834,-84.5333,32.41,82,90,12.75
87,Olafsvik,64.8945,-23.7142,37.33,78,100,13.58
88,Laas,46.6166,10.7002,30.83,62,75,4.7
89,Kudahuvadhoo,2.6708,72.8944,82.63,76,99,11.95
90,Natal,-5.795,-35.2094,87.8,55,75,16.11
91,Kaka,37.3482,59.6143,31.24,95,100,1.21
92,Tuktoyaktuk,69.4541,-133.0374,-14.8,75,40,5.82
93,Navahrudak,53.6,25.8333,30.52,98,100,16.2
94,Cabo San Lucas,22.8909,-109.9124,58.66,58,5,4.97
95,Broken Hill,-31.95,141.4333,68.0,42,30,20.8
96,Bengkulu,-3.8004,102.2655,77.88,89,100,5.53
97,Bambous Virieux,-20.3428,57.7575,75.58,83,40,14.99
98,Alofi,-19.0595,-169.9187,78.8,88,100,5.82
99,Havre-St-Pierre,50.2334,-63.5986,21.2,85,40,5.82
100,Biak,-0.9131,122.8766,76.95,79,100,3.62
101,Ponta do Sol,32.6667,-17.1,63.66,72,40,8.05
102,Mount Isa,-20.7333,139.5,84.2,30,75,19.46
103,Nouadhibou,20.931,-17.0347,82.4,24,93,4.7
104,Wattegama,6.7989,81.4808,77.0,100,20,1.12
105,Norman Wells,65.282,-126.8329,-5.8,70,75,3.36
106,Koróni,36.8,21.95,54.34,71,20,9.15
107,Bethel,41.3712,-73.414,35.65,80,90,5.82
108,Rawson,-43.3002,-65.1023,68.4,34,0,13.06
109,Emba,48.8264,58.1442,2.66,79,8,3.02
110,Tura,25.5198,90.2201,62.56,69,75,2.93
111,Ciudad Bolivar,8.1222,-63.5497,85.71,45,81,8.25
112,Burns Lake,54.2331,-125.7533,5.0,92,100,1.12
113,Victoria Point,-27.5833,153.3,74.71,78,0,1.99
114,Neuquén,-38.9516,-68.0591,68.0,60,75,9.17
115,Vanimo,-2.6741,141.3028,79.92,83,99,5.28
116,Bay Roberts,47.5999,-53.2648,34.9,88,90,19.46
117,Lagoa,39.05,-27.9833,59.49,82,100,35.48
118,Honiara,-9.4333,159.95,78.08,79,95,5.41
119,Zhangjiakou,40.81,114.8794,3.38,71,73,14.14
120,Seredka,58.1584,28.1858,30.2,92,90,6.71
121,Valparaíso,-33.0393,-71.6273,62.56,67,0,10.29
122,Port Elizabeth,-33.918,25.5701,75.2,73,40,12.75
123,Harper,4.375,-7.7169,82.38,75,31,9.13
124,Laurel,39.0993,-76.8483,40.03,80,90,3.89
125,Vyshkov,52.4764,31.6873,31.46,92,90,11.18
126,Torbay,47.6666,-52.7314,33.53,91,90,27.51
127,Afşin,38.2477,36.914,39.76,70,99,1.5
128,Mana,5.6592,-53.7767,83.62,72,45,8.1
129,Novokruchininskiy,51.7833,113.7667,-16.6,51,5,4.47
130,Khatanga,71.9667,102.5,-1.62,92,100,20.62
131,Sarangani,5.4033,125.4636,82.83,75,91,13.91
132,Kapaa,22.0752,-159.319,68.47,83,75,4.7
133,San Juan de Urabá,8.7592,-76.5297,84.36,64,93,5.3
134,Province of Trapani,37.8333,12.6667,54.0,47,20,12.75
135,Bonthe,7.5264,-12.505,85.46,67,80,6.73
136,Groton,41.3501,-72.0784,36.34,69,90,11.41
137,Hambantota,6.1241,81.1185,77.0,100,20,1.12
138,Poronaysk,49.2167,143.1167,-8.72,84,3,3.89
139,Sørland,67.667,12.6934,42.8,93,75,19.46
140,East London,-33.0153,27.9116,77.0,83,40,12.75
141,Vilhena,-12.7406,-60.1458,77.0,78,75,12.75
142,Skole,49.0372,23.5135,32.09,87,100,5.99
143,Dingle,10.9995,122.6711,75.49,91,96,8.28
144,Geraldton,-28.7667,114.6,86.0,15,27,24.16
145,Airai,-8.9266,125.4092,62.44,100,97,1.25
146,Valley,45.1277,-116.1262,25.41,92,75,4.7
147,Atasū,48.6814,71.6433,5.32,87,96,7.61
148,Cidreira,-30.1811,-50.2056,77.88,69,100,8.59
149,Dera Bugti,29.0307,69.151,57.92,37,0,5.3
150,Hwange,-18.3693,26.5019,82.6,62,0,4.61
151,Saint-Philippe,-21.3585,55.7679,75.16,74,0,17.22
152,San Patricio,28.017,-97.5169,64.38,94,90,6.93
153,Oranjestad,12.524,-70.027,78.8,74,40,10.29
154,Tonj,7.2737,28.6822,89.83,18,0,3.62
155,Meulaboh,4.1363,96.1285,79.74,83,83,1.99
156,Haines Junction,60.7522,-137.5108,2.95,89,100,1.97
157,Yaan,7.3833,8.5667,100.11,12,56,8.81
158,Sitka,57.0531,-135.33,42.8,70,75,21.92
159,Jatai,-17.8814,-51.7144,84.99,54,77,7.85
160,Pacific Grove,36.6177,-121.9166,44.2,87,1,3.36
161,Upernavik,72.7868,-56.1549,7.36,94,100,29.66
162,Paita,-5.0892,-81.1144,80.6,65,0,8.59
163,Purpe,64.4803,76.6897,-19.5,83,0,12.3
164,Ancud,-41.8697,-73.8203,65.82,55,0,11.41
165,Kushmurun,52.4503,64.6311,-7.96,84,61,4.65
166,Fairbanks,64.8378,-147.7164,-7.19,83,90,1.12
167,Aktobe,50.2797,57.2072,-2.2,70,0,6.71
168,Tacna,-18.0056,-70.2483,75.2,53,0,4.7
169,Doiwāla,30.1833,78.1167,60.51,65,38,6.33
170,Zhob,31.3411,69.4481,44.51,59,12,2.62
171,San Cristobal,7.7669,-72.225,80.6,61,40,6.93
172,Nara,34.6851,135.8049,39.45,57,100,4.99
173,Codrington,-38.2667,141.9667,55.8,80,95,11.83
174,Asău,46.4333,26.4,37.99,80,100,3.11
175,Lima,-12.0432,-77.0282,75.2,69,0,13.87
176,Jalu,29.0331,21.5482,60.04,43,11,8.25
177,Kirakira,-10.4544,161.9205,79.88,71,87,4.32
178,Tilichiki,60.4667,166.1,-19.46,88,8,9.33
179,Mahébourg,-20.4081,57.7,77.0,83,40,14.99
180,Bilma,18.6853,12.9164,86.34,13,0,4.85
181,Puerto Ayora,-0.7393,-90.3518,77.0,69,75,5.82
182,Jamestown,42.097,-79.2353,32.76,97,90,3.11
183,Mount Gambier,-37.8333,140.7667,57.2,71,90,13.87
184,Jurm,36.8648,70.8342,28.69,77,100,1.19
185,Salair,54.2312,85.7972,-23.24,87,16,3.94
186,Monastyrshchina,54.3496,31.838,30.49,95,100,11.3
187,Yulara,-25.2406,130.9889,75.2,29,74,16.11
188,Tahe,52.3333,124.7333,-22.41,81,4,4.61
189,Leningradskiy,69.3833,178.4167,-10.84,88,100,14.2
190,Villa Bruzual,9.3328,-69.1208,90.23,34,81,4.45
191,Akdepe,42.0551,59.3788,13.15,52,0,11.41
192,Umarkhed,19.6,77.7,68.0,58,26,5.53
193,Faanui,-16.4833,-151.75,80.76,74,76,11.59
194,Lebu,-37.6167,-73.65,60.85,64,0,18.39
195,Sühbaatar,50.2314,106.2078,-23.19,74,98,5.06
196,Nantucket,41.2835,-70.0995,39.11,93,90,18.34
197,Chunoyar,57.4467,97.3217,-13.9,86,100,9.98
198,Gazli,40.1333,63.45,26.92,79,50,5.28
199,San Juan,-31.5375,-68.5364,73.85,53,82,12.68
200,Plymouth,41.8334,-70.8328,35.47,93,90,10.29
201,Half Moon Bay,37.4636,-122.4286,45.39,100,75,4.65
202,Prado,-17.3411,-39.2208,82.56,66,18,12.28
203,Christchurch,-43.5333,172.6333,57.6,93,94,6.93
204,Ketchikan,55.3422,-131.6461,39.2,93,90,28.86
205,Zenzeli,45.9241,47.0474,28.15,91,47,21.3
206,Tasiilaq,65.6145,-37.6368,15.8,72,20,5.82
207,Alenquer,-1.9417,-54.7383,80.6,88,75,12.75
208,Husavik,66.0449,-17.3389,33.8,80,75,8.05
209,Slave Lake,55.2834,-114.769,17.6,85,1,6.93
210,Wencheng,33.0559,113.7978,30.18,92,4,0.78
211,Ahipara,-35.1667,173.1667,60.8,89,95,2.44
212,Praia da Vitória,38.7333,-27.0667,58.57,82,75,34.45
213,Salmo,49.1999,-117.2689,29.71,100,99,5.82
214,Kumul,42.8,93.45,10.09,75,0,7.36
215,Lapua,62.9693,23.0088,1.4,84,20,2.08
216,Hāgere Hiywet,8.9833,37.85,64.17,35,94,8.19
217,Mastic Beach,40.7668,-72.8521,37.51,69,75,5.82
218,Kpandae,8.4689,-0.0113,101.79,11,0,5.84
219,Krasnosel'kup,65.7,82.4667,-15.84,88,99,11.83
220,Nanortalik,60.1432,-45.2371,27.48,92,0,6.15
221,Satrikh,26.8667,81.2,66.2,88,75,2.17
222,Nushki,29.5542,66.0215,42.06,53,0,2.57
223,San Felipe,10.3399,-68.7425,82.65,46,78,4.47
224,Manyana,-23.4,21.7167,79.25,55,92,10.54
225,Atar,20.5169,-13.0499,87.35,21,100,3.76
226,Kingisepp,59.3733,28.6134,22.5,97,94,4.59
227,Yumen,40.2833,97.2,6.84,67,0,10.04
228,Salalah,17.0151,54.0924,75.2,44,0,3.36
229,Saskylakh,71.9167,114.0833,-10.28,87,97,13.0
230,Kaitangata,-46.2817,169.8464,49.03,94,26,1.95
231,Caucayá,-0.1934,-74.7819,79.88,64,100,4.29
232,Bauska,56.4075,24.1906,33.8,86,90,11.41
233,Novy Urengoy,66.0833,76.6333,-13.38,89,44,11.56
234,Ţahţā,26.7693,31.5021,69.85,23,0,7.65
235,São Filipe,14.8961,-24.4956,78.17,65,99,5.26
236,Dandong,40.1292,124.3947,7.65,66,0,4.27
237,Bilibino,68.0546,166.4372,-31.74,81,100,3.02
238,Pokhara,28.2333,83.9833,62.8,31,60,6.69
239,Hirara,24.8,125.2833,66.13,86,100,29.82
240,Manakara,-22.1333,48.0167,77.61,80,18,9.66
241,San Policarpo,12.1791,125.5072,80.62,84,100,14.63
242,Fukuechō,32.6881,128.8419,47.39,68,85,23.47
243,Okoneshnikovo,54.8377,75.0834,-16.38,87,100,7.85
244,Guerrero Negro,27.9769,-114.0611,61.02,78,100,4.07
245,Andenes,69.3143,16.1194,39.9,93,75,16.11
246,Ostrovnoy,68.0531,39.5131,11.8,95,51,14.12
247,Lorengau,-2.0226,147.2712,83.01,76,95,7.63
248,Iqaluit,63.7506,-68.5145,-4.0,70,40,2.24
249,Kargasok,59.0556,80.8572,-21.96,84,0,2.15
250,Thompson,55.7435,-97.8558,-4.0,83,40,2.24
251,Tongliao,43.6125,122.2653,-12.91,83,69,7.94
252,Quatre Cocos,-20.2078,57.7625,75.42,83,40,14.99
253,Isangel,-19.55,169.2667,78.85,85,70,9.75
254,Isla Mujeres,21.2311,-86.731,77.74,69,40,9.17
255,Hailar,49.2,119.7,-15.12,89,100,7.78
256,Seminole,28.7086,-81.2081,60.35,54,1,5.82
257,Aden,12.7794,45.0367,76.6,73,6,13.29
258,Kiryat Gat,31.61,34.7642,62.85,100,70,4.54
259,Celestún,20.8667,-90.4,76.66,70,62,11.21
260,Iralaya,15.0,-83.2333,79.79,75,3,8.1
261,Bacolod City,10.6667,122.95,78.06,80,79,10.42
262,Haputale,6.7681,80.9595,77.0,100,20,1.12
263,Rabo de Peixe,37.8,-25.5833,57.2,87,75,21.92
264,Padang,-0.9492,100.3543,78.8,88,20,1.12
265,Vila Velha,-20.3297,-40.2925,86.38,62,20,14.99
266,Saint-Pierre,-21.3393,55.4781,75.65,74,0,17.22
267,Coyhaique,-45.5752,-72.0662,66.2,45,0,5.82
268,Wuwei,37.9281,102.6414,8.87,75,0,1.68
269,Dzaoudzi,-12.7887,45.2699,84.2,74,0,4.7
270,Yasothon,15.75,104.1333,75.99,69,0,14.83
271,Esperance,-33.8667,121.9,59.0,72,90,11.41
272,Colares,38.7992,-9.4469,50.43,61,20,4.7
273,Raseiniai,55.3736,23.1217,32.0,95,90,16.11
274,Port Macquarie,-31.4333,152.9167,69.42,99,4,4.54
275,Maragogi,-9.0122,-35.2225,83.8,61,18,10.85
276,Zaigrayevo,51.8336,108.2703,-16.6,68,75,8.3
277,Lavrentiya,65.5833,-171.0,-7.55,86,3,13.2
278,Chapais,49.7834,-74.8492,15.8,100,90,10.29
279,Dubréka,9.7911,-13.5233,90.05,48,25,11.05
280,Yar-Sale,66.8333,70.8333,-13.13,88,82,13.6
281,Tuatapere,-46.1333,167.6833,50.0,94,4,4.88
282,Sur,22.5667,59.5289,68.36,40,0,10.02
283,Tanete,-3.9443,119.7848,75.58,90,100,3.53
284,Taihe,30.8712,105.3845,42.66,86,65,4.59
285,Severo-Kuril'sk,50.6789,156.125,17.56,88,76,22.06
286,Trairi,-3.2778,-39.2689,88.88,54,41,14.47
287,Bandarbeyla,9.4942,50.8122,74.5,63,0,22.88
288,El Batey,19.7667,-70.5167,80.6,78,20,7.45
289,Kamenka,51.3223,42.7678,18.0,89,62,14.83
290,Takoradze,4.8845,-1.7554,83.32,76,100,9.86
291,Carauari,-4.8828,-66.8958,84.02,67,86,4.32
292,Fort-Shevchenko,44.5086,50.263,30.51,93,0,22.44
293,Jagdalpur,19.0667,82.0333,66.85,49,0,2.13
294,Samagaltay,50.6022,95.0047,-23.94,77,4,2.48
295,Forrest City,35.0081,-90.7898,39.81,80,1,3.36
296,Luoyang,34.6836,112.4536,34.0,99,0,4.56
297,Pangnirtung,66.1451,-65.7125,-9.4,76,90,2.24
298,Mitsamiouli,-11.3847,43.2844,82.69,74,10,10.71
299,Lālsot,26.5667,76.3333,66.2,93,40,2.24
300,Umm Kaddadah,13.6017,26.6876,80.47,15,0,11.32
301,San Quintín,30.4833,-115.95,58.1,79,0,6.15
302,Monrovia,6.3005,-10.7969,80.6,88,75,9.17
303,Khuzdar,27.7384,66.6434,46.83,47,0,6.46
304,Okhotsk,59.3833,143.3,-10.28,84,94,12.48
305,Labytnangi,66.6572,66.4183,-18.0,87,64,9.84
306,Medininagar,24.0333,84.0667,74.41,36,99,9.62
307,Skvyra,49.7318,29.6657,31.69,97,100,12.15
308,Korneuburg,48.35,16.3333,38.91,93,100,4.7
309,Bishoftu,8.75,38.9833,63.05,37,0,10.45
310,Burnie,-41.0667,145.9167,55.99,85,48,11.99
311,Altamira,-3.2033,-52.2064,75.2,88,90,4.52
312,Saryozek,44.3583,77.9753,8.06,71,78,2.24
313,Kieta,-6.2167,155.6333,79.63,76,95,3.22
314,Bossier City,32.516,-93.7321,50.67,57,1,6.93
315,Karratha,-20.7377,116.8463,85.69,53,86,14.7
316,Pizarro,4.9533,-77.366,74.8,91,100,8.28
317,Härnösand,62.6323,17.9379,6.87,85,0,5.82
318,Beloha,-25.1667,45.05,74.82,79,74,7.74
319,Bereda,43.2686,-7.5406,39.67,100,86,3.0
320,Gusau,12.1628,6.6614,95.94,9,0,11.05
321,Poum,-20.2333,164.0167,81.63,81,100,6.4
322,Ixtapa,20.7,-105.2,62.6,82,5,6.93
323,Petropavlovsk-Kamchatskiy,53.0452,158.6483,17.6,92,90,6.71
324,Marion,39.7684,-86.1555,30.7,92,90,13.87
325,Qaqortoq,60.7167,-46.0333,28.4,63,75,1.12
326,Kosh-Agach,50.0,88.6667,-30.66,80,41,1.28
327,Karasjok,69.4719,25.5112,23.0,85,75,6.93
328,Lata,40.1629,-8.3327,49.1,66,0,2.44
329,Letterkenny,54.95,-7.7333,39.2,93,40,5.82
330,Clyde River,70.4692,-68.5914,-25.6,67,20,5.82
331,Claremore,36.3126,-95.6161,39.76,86,1,3.36
332,Ardee,53.8597,-6.5406,39.99,76,59,4.0
333,Aranos,-24.1333,19.1167,82.9,42,90,5.75
334,Port Antonio,18.18,-76.4612,82.83,54,20,3.36
335,Saint Joseph,39.7686,-94.8466,29.88,100,1,7.16
336,Acapulco de Juárez,16.8634,-99.8901,75.2,83,75,6.93
337,Kichera,55.9375,110.0997,-26.84,71,90,2.28
338,Auki,-8.7676,160.7034,77.5,74,100,4.32
339,Nagarote,12.2659,-86.5647,80.6,65,20,6.93
340,Anchorage,61.2181,-149.9003,20.08,78,90,3.36
341,Yeppoon,-23.1333,150.7333,78.8,83,40,3.36
342,Tosya,41.0155,34.0401,44.2,80,100,3.02
343,Akureyri,65.6835,-18.0878,33.8,80,75,8.05
344,Nigel,-26.4314,28.4771,75.99,37,100,4.0
345,Nome,64.5011,-165.4064,3.2,65,90,4.7
346,Jos,9.9167,8.9,85.59,14,41,10.07
347,Turukhansk,65.8167,87.9833,-18.74,88,100,8.75
348,Bariloche,-41.1456,-71.3082,69.8,37,20,4.7
349,Hofn,64.2539,-15.2082,39.36,85,100,7.85
350,Mariental,-24.6333,17.9667,89.6,49,100,1.12
351,Port Lincoln,-34.7333,135.8667,58.3,74,58,16.78
352,Margate,51.3813,1.3862,40.86,79,100,7.0
353,Portland,45.5234,-122.6762,41.25,84,84,1.01
354,Tula,54.2044,37.6111,26.56,98,100,5.53
355,Hasaki,35.7333,140.8333,35.44,93,75,5.82
356,Channel-Port aux Basques,47.5702,-59.1367,33.08,86,59,18.03
357,Te Anau,-45.4167,167.7167,48.43,91,72,1.41
358,Palmer,42.1584,-72.3287,35.6,86,75,6.93
359,Taksimo,56.3444,114.8794,-27.72,74,98,3.11
360,Coquimbo,-29.9533,-71.3436,59.0,87,90,9.17
361,College,64.8569,-147.8028,-6.48,70,75,2.53
362,Yankton,42.8711,-97.3973,26.26,100,1,10.29
363,Haimen,23.1935,116.6142,59.0,82,75,4.47
364,Boende,-0.2167,20.8667,82.11,74,69,0.94
365,Camaná,-16.6228,-72.7111,74.98,66,20,9.28
366,Manhumirim,-20.3578,-41.9581,80.11,75,100,3.09
367,Vao,-22.6667,167.4833,77.95,84,96,20.58
368,Searcy,35.2506,-91.7363,44.62,75,1,5.82
369,Maryborough,-25.5333,152.7,75.99,86,100,1.01
370,Lhokseumawe,5.1801,97.1507,78.03,82,100,3.69
371,Matagami,49.7502,-77.6328,28.4,100,90,4.7
372,Dalnerechensk,45.9339,133.7225,-16.29,87,0,4.7
373,Severo-Yeniseyskiy,60.3725,93.0408,-18.89,90,100,4.25
374,Jiangyou,31.7667,104.7167,40.59,67,83,0.56
375,Provideniya,64.3833,-173.3,0.68,83,6,9.64
376,Coshocton,40.272,-81.8596,33.85,84,100,1.01
377,Noumea,-22.2763,166.4572,80.78,94,94,1.12
378,Basco,20.4487,121.9702,74.34,83,44,29.44
379,Tessalit,20.1986,1.0114,83.05,13,53,10.83
380,Virginia Beach,36.8529,-75.978,45.48,70,75,4.7
381,Quryq,43.2,51.65,30.78,92,0,16.42
382,Eten,-6.9081,-79.8642,78.8,61,0,4.7
383,Mount Vernon,40.9126,-73.8371,39.11,64,75,8.05
384,Kahului,20.8947,-156.47,67.69,73,1,3.36
385,Gornopravdinsk,60.05,69.9,-13.94,88,11,5.86
386,Marau,-28.4492,-52.2,69.04,89,100,4.85
387,Tooele,40.5308,-112.2983,34.9,80,90,5.26
388,Novikovo,51.1537,37.8879,25.0,97,96,10.98
389,Lompoc,34.6391,-120.4579,45.0,100,75,3.36
390,Champawat,29.3333,80.1,48.9,53,24,5.35
391,Alcântara,-2.4089,-44.4147,87.8,66,75,12.75
392,Tabou,4.423,-7.3528,81.79,78,32,10.38
393,Longyearbyen,78.2186,15.6401,23.0,79,75,13.87
394,Haapiti,-17.5667,-149.8667,75.2,88,75,2.24
395,Winsum,53.33,6.5208,37.31,94,100,1.01
396,Merrill,45.1805,-89.6835,19.83,92,90,4.36
397,Malindi,-3.2175,40.1191,82.4,74,20,11.41
398,Dunedin,-45.8742,170.5036,53.01,92,0,3.0
399,Winnemucca,40.973,-117.7357,28.4,79,1,2.57
400,Buenaventura,3.8801,-77.0312,72.82,96,100,4.07
401,Sistranda,63.7256,8.834,28.4,86,0,10.29
402,Fare,-16.7,-151.0167,80.64,73,85,10.94
403,Merauke,-8.4667,140.3333,80.6,84,100,8.5
404,Puerto Baquerizo Moreno,-0.9,-89.6,77.0,88,20,10.29
405,Ambulu,-8.345,113.6058,76.71,88,96,2.98
406,Aykhal,66.0,111.5,-0.4,84,90,6.71
407,Comodoro Rivadavia,-45.8667,-67.5,71.6,43,0,18.34
408,Lüderitz,-26.6481,15.1594,75.2,69,25,10.29
409,Sisimiut,66.9395,-53.6735,12.92,94,100,10.38
410,Surgut,61.25,73.4167,-11.2,76,0,8.95
411,West Bay,19.3667,-81.4167,82.42,58,20,6.93
412,Inírida,3.8653,-67.9239,83.39,67,77,2.91
413,Berlevåg,70.8578,29.0864,32.94,93,75,5.82
414,Mandalgovi,45.7625,106.2708,-29.88,78,0,12.28
415,Khovd,48.0056,91.6419,-8.16,71,0,2.77
416,Tual,-5.6667,132.75,84.07,75,100,10.16
417,Youkounkoun,12.5333,-13.1333,104.41,8,0,6.78
418,Mehamn,71.0357,27.8492,36.0,93,75,5.82
419,Sakakah,29.9697,40.2064,62.6,55,0,5.82
420,Coos Bay,43.3665,-124.2179,39.61,87,1,8.05
421,Teacapan,22.55,-105.75,72.37,37,0,1.19
422,Magadan,59.5667,150.8,-10.25,79,96,10.58
423,Somerset East,-32.7217,25.588,68.81,78,94,13.02
424,Armidale,-30.5167,151.65,55.0,94,2,2.1
425,Walvis Bay,-22.9575,14.5053,75.06,57,59,9.17
426,Aripuanã,-9.1667,-60.6333,86.38,63,77,4.68
427,Bairiki Village,1.3292,172.9752,80.6,78,75,10.29
428,Caconda,-13.7333,15.0667,73.8,51,70,6.35
429,Ola,59.5833,151.2833,-12.37,80,97,11.05
430,Brzesko,49.9691,20.6061,35.44,97,100,8.08
431,Matara,5.9485,80.5353,77.36,89,72,6.69
432,Anori,-3.7728,-61.6442,84.22,79,31,5.21
433,Daru,-9.0763,143.2092,79.68,86,100,5.95
434,Verkhnechusovskiye Gorodki,58.1671,57.1086,14.0,85,75,13.42
435,Kabanjahe,3.1001,98.4908,78.8,100,75,8.05
436,Ranong,9.9658,98.6348,76.24,82,57,4.92
437,Cururupu,-1.8283,-44.8683,88.52,54,84,8.14
438,Russell,32.3502,-85.1999,50.59,87,1,9.17
439,Bogorodskoye,56.55,37.8833,29.53,99,100,3.87
440,Seymchan,62.8833,152.4333,-23.04,85,100,1.1
441,Jaicós,-7.3592,-41.1378,95.88,30,49,6.29
442,Grand-Santi,4.25,-54.3833,89.64,52,26,4.74
443,Cervo,43.6702,-7.4101,43.02,87,85,10.71
444,Floresta,-8.6011,-38.5686,92.19,35,77,10.51
445,Collie,-33.3667,116.15,62.01,61,0,3.0
446,Vanderhoof,54.0166,-124.0198,25.02,92,100,7.43
447,Kjøllefjord,70.9457,27.3465,36.68,86,75,18.34
448,Caibarién,22.5206,-79.4669,69.8,94,75,4.7
449,Rio Grande,-32.035,-52.0986,77.86,78,75,9.17
450,Naze,28.3667,129.4833,60.8,77,90,20.8
451,Bathsheba,13.2167,-59.5167,84.2,58,20,18.34
452,Narok,-1.0783,35.8601,68.16,52,58,1.92
453,Puerto Escondido,15.85,-97.0667,78.8,83,5,5.82
454,Brownfield,33.1812,-102.2744,44.98,57,28,4.0
455,Aklavik,68.2191,-135.0107,-18.4,75,100,2.24
456,Cockburn Town,21.4612,-71.1419,78.8,54,20,5.82
457,Águilas,37.4063,-1.5829,48.2,56,64,3.0
458,Mossamedes,-15.1961,12.1522,80.6,65,75,13.87
459,Dunda,-8.1167,34.25,69.78,88,100,2.44
460,Souillac,-20.5167,57.5167,77.0,83,40,14.99
461,Téra,14.0078,0.7531,98.91,9,0,9.75
462,Adrar,20.5022,-10.0711,81.88,23,100,3.51
463,Kabare,-2.4683,28.8242,66.58,81,87,0.2
464,Safi,32.2994,-9.2372,63.73,77,23,32.46
465,Stepnyak,52.8339,70.7803,-13.2,89,100,11.5
466,Neiafu,-18.65,-173.9833,77.0,94,90,6.93
467,Erechim,-27.6342,-52.2739,75.2,73,90,11.41
468,Korla,41.7597,86.1469,13.69,80,10,0.85
469,Xichang,27.8964,102.2634,51.01,40,100,3.44
470,San Jose,37.3394,-121.895,43.99,87,20,3.36
471,Gayny,60.3071,54.3241,0.61,94,69,4.85
472,Tiarei,-17.5333,-149.3333,75.2,88,75,2.24
473,Sechura,-5.5569,-80.8222,77.09,57,100,6.24
474,Vila,42.0304,-8.1588,41.0,75,5,10.0
475,Sinnamary,5.3833,-52.95,82.18,77,91,8.88
476,Guiglo,6.5456,-7.4966,94.86,32,38,1.25
477,Beringovskiy,63.05,179.3167,-7.83,85,29,10.8
478,Marabu,4.4148,114.0089,75.11,100,40,3.36
479,Philadelphia,39.9523,-75.1638,39.16,73,90,3.36
480,Arona,28.0996,-16.681,69.3,69,40,17.22
481,Chumikan,54.7183,135.315,-19.3,77,80,16.64
482,Kharitonovo,61.4009,47.4978,9.86,95,58,4.41
483,Zhigansk,66.7697,123.3711,-39.41,80,94,10.02
484,Nizwá,22.9333,57.5333,58.3,44,0,5.3
485,Rafai,4.95,23.9167,88.41,27,69,1.59
486,Kununurra,-15.7667,128.7333,80.6,100,17,5.82
487,Necochea,-38.5473,-58.7368,63.0,93,100,16.51
488,Barra de Tecoanapa,16.5167,-98.75,82.9,64,0,2.68
489,Palmerston,-12.486,130.9833,83.52,79,40,4.7
490,Bambanglipuro,-7.95,110.2833,77.4,84,100,5.95
491,Gizo Government Station,-8.103,156.8419,83.14,70,78,6.58
492,Richards Bay,-28.783,32.0377,77.68,89,97,6.33
493,Taltal,-25.4,-70.4833,70.21,64,8,7.72
494,Kibala,9.1104,18.3463,100.4,10,0,4.7
495,Soyo,-6.1349,12.3689,78.8,100,75,8.05
496,Preobrazheniye,42.9019,133.9064,5.74,77,0,7.72
497,Picton,-34.1833,150.6,66.67,99,52,2.35
498,Tegul'det,57.3064,88.1667,-21.78,87,6,2.17
499,Departamento de Maldonado,-34.6667,-54.9167,72.9,88,75,14.99
500,Bingöl,38.8847,40.4939,31.6,83,73,5.41
501,Nador,35.174,-2.9287,56.39,47,20,4.7
502,Manta,-0.95,-80.7333,80.6,69,75,3.36
503,Westport,41.1415,-73.3579,38.98,64,1,10.29
504,Krasnoarmeysk,51.0239,45.6969,14.0,79,91,4.0
505,Olinda,-8.0089,-34.8553,84.2,58,40,9.17
506,Saint-Augustin,51.226,-58.6502,26.49,92,20,9.8
507,La Libertad,-2.2333,-80.9,78.8,69,0,6.93
508,Baykit,61.67,96.37,-12.77,85,95,5.97
509,Sangar,63.9242,127.4739,-48.14,76,65,4.59
510,Ouésso,1.6136,16.0517,81.52,65,84,4.5
511,Linxia Chengguanzhen,35.6003,103.2064,12.02,83,0,2.35
512,Karpathos,35.507,27.2132,59.0,62,20,9.17
513,Ariano Irpino,41.1489,15.0833,49.68,71,40,8.05
514,Santa Cruz de Tenerife,28.4682,-16.2546,66.54,77,75,5.82
515,Verkhnevilyuysk,63.4453,120.3167,-26.88,84,100,5.88
516,Chu,43.5983,73.7614,5.81,89,51,5.99
517,Duluth,46.7833,-92.1066,21.04,92,90,8.05
518,Alyangula,-13.8483,136.4192,80.6,94,15,1.12
519,Keti Bandar,24.1447,67.4497,67.44,53,0,13.62
520,San Angelo,31.4638,-100.437,35.6,48,1,3.36
521,Trebinje,42.7119,18.3442,50.0,76,40,17.22
522,Zhuhai,22.2769,113.5678,62.98,87,0,4.7
523,Ambilobe,-13.2,49.05,76.33,86,27,1.77
524,Yangshan,28.7615,115.0287,39.67,83,82,2.66
525,Antofagasta,-23.65,-70.4,72.46,68,20,11.41
526,San Sebastián Tenango,18.65,-98.1833,48.2,57,75,4.25
527,Guaçuí,-20.7756,-41.6794,81.48,73,99,1.23
528,Hlukhiv,51.6782,33.9162,29.55,95,98,10.85
529,Bārān,25.1,76.5167,72.61,56,80,2.77
530,Fortuna,40.5982,-124.1573,41.47,93,1,17.22
531,Lubumbashi,-11.6609,27.4794,78.8,83,75,5.82
532,Port-Gentil,-0.7193,8.7815,82.4,83,75,13.87
533,Panguna,-6.3164,155.4848,69.49,92,89,1.28
534,Pangkalanbuun,-2.6833,111.6167,75.38,92,100,1.74
